{
	"class_name" : "PinholeCameraParameters",
	"extrinsic" : 
	[
		0.99804635377197159,
		0.0078049121354217222,
		-0.061988378499771783,
		0.0,
		0.0067609738715384291,
		-0.99983207224090698,
		-0.017032808070375476,
		0.0,
		-0.062110908500689288,
		0.016580430181760069,
		-0.9979315228913288,
		0.0,
		-0.058930539896577136,
		-0.050587602610136756,
		-0.080058095531055307,
		1.0
	],
	"intrinsic" : 
	{
		"height" : 1055,
		"intrinsic_matrix" : 
		[
			913.65680099258282,
			0.0,
			0.0,
			0.0,
			913.65680099258282,
			0.0,
			959.5,
			527.0,
			1.0
		],
		"width" : 1920
	},
	"version_major" : 1,
	"version_minor" : 0
}