{
	"class_name" : "PinholeCameraParameters",
	"extrinsic" : 
	[
		0.95749673639257749,
		0.12177235850096201,
		-0.26147943036245969,
		0.0,
		0.16978102745588974,
		-0.97077531098489112,
		0.16961632674424471,
		0.0,
		-0.23318319517835251,
		-0.20680132564203046,
		-0.95018882818054295,
		0.0,
		-0.10911803610258322,
		-0.15258812725734555,
		-0.098618340352320782,
		1.0
	],
	"intrinsic" : 
	{
		"height" : 1055,
		"intrinsic_matrix" : 
		[
			913.65680099258282,
			0.0,
			0.0,
			0.0,
			913.65680099258282,
			0.0,
			959.5,
			527.0,
			1.0
		],
		"width" : 1920
	},
	"version_major" : 1,
	"version_minor" : 0
}