{
	"class_name" : "PinholeCameraParameters",
	"extrinsic" : 
	[
		0.98282147088151495,
		0.018528121043770412,
		-0.18362642812210603,
		0.0,
		0.030940281409733105,
		-0.99740798176364309,
		0.064961657156072009,
		0.0,
		-0.18194684762474481,
		-0.069527164797393473,
		-0.98084724498499465,
		0.0,
		-0.096759701887607075,
		-0.093319111693814516,
		-0.1200542415295501,
		1.0
	],
	"intrinsic" : 
	{
		"height" : 1055,
		"intrinsic_matrix" : 
		[
			913.65680099258282,
			0.0,
			0.0,
			0.0,
			913.65680099258282,
			0.0,
			959.5,
			527.0,
			1.0
		],
		"width" : 1920
	},
	"version_major" : 1,
	"version_minor" : 0
}